Time(s),Input(v),Output(v),Output(m),
7.4,2.51,0,0,
7.5,2.505,0,0,0
7.6,2.515,0,0,0
7.7,2.505,0,0,0
7.8,2.515,0,0,0
7.9,2.51,0,0,0
8,2.505,0,0,0
8.1,2.505,0,0,0
8.2,2.505,0,0,0
8.3,2.51,0,0,0
8.4,2.505,0,0,0
8.5,2.515,0,0,0
8.6,2.51,0,0,0
8.7,2.505,0,0,0
8.8,2.51,0,0,0
8.9,2.51,0,0,0
9,2.505,0,0,0
9.1,2.51,0,0,0
9.2,2.505,0,0,0
9.3,2.51,0,0,0
9.4,2.52,0,0,0
9.5,2.515,0,0,0
9.6,2.515,0,0,0
9.7,2.51,0,0,0
9.8,2.505,0,0,0
9.9,2.51,0,0,0
10,2.515,0,0,0
10.1,2.52,0,0,0
10.2,2.51,0,0,0
10.3,2.515,0,0,0
10.4,2.51,0,0,0
10.5,2.51,0,0,0
10.6,2.51,0,0,0
10.7,2.51,0,0,0
10.8,2.51,0,0,0
10.9,2.51,0,0,0
11,2.51,0,0,0
11.1,2.51,0,0,0
11.2,2.51,0,0,0
11.3,2.51,0,0,0
11.4,2.51,0,0,0
11.5,2.505,0,0,0
11.6,2.51,0,0,0
11.7,2.515,0,0,0
11.8,2.5,0,0,0
11.9,2.505,0,0,0
12,2.505,0,0,0
12.1,2.51,0,0,0
12.2,2.515,0,0,0
12.3,2.51,0,0,0
12.4,2.51,0,0,0
12.5,2.51,0,0,0
12.6,2.515,0,0,0
12.7,2.51,0,0,0
12.8,2.51,0,0,0
12.9,2.51,0,0,0
13,2.515,0,0,0
13.1,2.51,0,0,0
13.2,2.51,0,0,0
13.3,2.505,0,0,0
13.4,2.51,0,0,0
13.5,2.51,0,0,0
13.6,2.505,0,0,0
13.7,2.515,0,0,0
13.8,2.515,0,0,0
13.9,2.515,0,0,0
14,2.51,0,0,0
14.1,2.51,0,0,0
14.2,2.51,0,0,0
14.3,2.51,0,0,0
14.4,2.505,0,0,0
14.5,2.51,0,0,0
14.6,2.515,0,0,0
14.7,2.505,0,0,0
14.8,2.51,0,0,0
14.9,2.505,0,0,0
15,2.51,0,0,0
15.1,2.51,0,0,0
15.2,2.51,0,0,0
15.3,2.51,0,0,0
15.4,2.51,0,0,0
15.5,2.51,0,0,0
15.6,2.51,0,0,0
15.7,2.51,0,0,0
15.8,2.515,0,0,0
15.9,2.505,0,0,0
16,2.515,0,0,0
16.1,2.52,0,0,0
16.2,2.51,0,0,0
16.3,2.51,0,0,0
16.4,2.51,0,0,0
16.5,2.515,0,0,0
16.6,2.51,0,0,0
16.7,2.505,0,0,0
16.8,2.515,0,0,0
16.9,2.51,0,0,0
17,2.51,0,0,0
17.1,2.52,0,0,0
17.2,2.515,0,0,0
17.3,2.515,0,0,0
17.4,2.51,0,0,0
17.5,2.51,0,0,0
17.6,2.51,0,0,0
17.7,2.51,0,0,0
17.8,2.505,0,0,0
17.9,2.51,0,0,0
18,2.51,0,0,0
18.1,2.515,0,0,0
18.2,2.505,0,0,0
18.3,2.51,0,0,0
18.4,2.515,0,0,0
18.5,2.51,0,0,0
18.6,2.51,0,0,0
18.7,2.505,0,0,0
18.8,2.51,0,0,0
18.9,2.505,0,0,0
19,2.51,0,0,0
19.1,2.515,0,0,0
19.2,2.51,0,0,0
19.3,2.51,0,0,0
19.4,2.51,0,0,0
19.5,2.51,0,0,0
19.6,2.515,0,0,0
19.7,2.51,0,0,0
19.8,2.515,0,0,0
19.9,2.51,0,0,0
20,2.51,0,0,0
20.1,2.515,0,0,0
20.2,2.51,0,0,0
20.3,2.505,0,0,0
20.4,2.515,0,0,0
20.5,2.51,0,0,0
20.6,2.51,0,0,0
20.7,2.505,0,0,0
20.8,2.51,0,0,0
20.9,2.515,0,0,0
21,2.515,0,0,0
21.1,2.51,0,0,0
21.2,2.51,0,0,0
21.3,2.51,0,0,0
21.4,2.505,0,0,0
21.5,2.5,0,0,0
21.6,2.51,0,0,0
21.7,2.505,0,0,0
21.8,2.515,0,0,0
21.9,2.505,0,0,0
22,2.51,0,0,0
22.1,2.515,0,0,0
22.2,2.51,0,0,0
22.3,2.51,0,0,0
22.4,2.51,0,0,0
22.5,2.52,0,0,0
22.6,2.52,0,0,0
22.7,2.51,0,0,0
22.8,2.51,0,0,0
22.9,2.51,0,0,0
23,2.51,0,0,0
23.1,2.51,0,0,0
23.2,2.51,0,0,0
23.3,2.51,0,0,0
23.4,2.505,0,0,0
23.5,2.505,0,0,0
23.6,2.51,0,0,0
23.7,2.51,0,0,0
23.8,2.515,0,0,0
23.9,2.515,0,0,0
24,2.51,0,0,0
24.1,2.505,0,0,0
24.2,2.505,0,0,0
24.3,2.505,0,0,0
24.4,2.51,0,0,0
24.5,2.515,0,0,0
24.6,2.505,0,0,0
24.7,2.51,0,0,0
24.8,2.505,0,0,0
24.9,2.51,0,0,0
25,2.51,0,0,0
25.1,2.52,0,0,0
25.2,2.51,0,0,0
25.3,2.505,0,0,0
25.4,2.51,0,0,0
25.5,2.505,0,0,0
25.6,2.51,0,0,0
25.7,2.51,0,0,0
25.8,2.515,0,0,0
25.9,2.51,0,0,0
26,2.505,0,0,0
26.1,2.515,0,0,0
26.2,2.51,0,0,0
26.3,2.515,0,0,0
26.4,2.51,0,0,0
26.5,2.515,0,0,0
26.6,2.505,0,0,0
26.7,2.51,0,0,0
26.8,2.505,0,0,0
26.9,2.51,0,0,0
27,2.51,0,0,0
27.1,2.51,0,0,0
27.2,2.51,0,0,0
27.3,2.51,0,0,0
27.4,2.51,0,0,0
27.5,2.51,0,0,0
27.6,2.51,0,0,0
27.7,2.51,0,0,0
27.8,2.515,0,0,0
27.9,2.51,0,0,0
28,2.505,0,0,0
28.1,2.51,0,0,0
28.2,2.505,0,0,0
28.3,2.51,0,0,0
28.4,2.515,0,0,0
28.5,2.529,0.001,0.001,0.01
28.6,2.524,0.001,0.002,0.01
28.7,2.524,0.002,0.002,0
28.8,2.524,0.003,0.004,0.02
28.9,2.52,0.004,0.005,0.01
29,2.52,0.005,0.007,0.02
29.1,2.524,0.007,0.008,0.01
29.2,2.681,0.008,0.01,0.02
29.3,5,0.011,0.014,0.04
29.4,5,0.034,0.043,0.29
29.5,5,0.076,0.098,0.55
29.6,5,0.138,0.177,0.79
29.7,5,0.219,0.28,1.03
29.8,5,0.319,0.409,1.29
29.9,5,0.438,0.562,1.53
30,5,0.576,0.739,1.77
30.1,5,0.733,0.94,2.01
30.2,5,0.909,1.165,2.25
30.3,5,1.103,1.414,2.49
30.4,5,1.315,1.686,2.72
30.5,5,1.546,1.982,2.96
30.6,5,1.795,2.301,3.19
30.7,5,2.062,2.644,3.43
30.8,5,2.347,3.009,3.65
30.9,5,2.65,3.397,3.88
31,5,2.97,3.808,4.11
31.1,5,3.308,4.241,4.33
31.2,5,3.663,4.696,4.55
31.3,5,4.036,5.174,4.78
31.4,5,4.426,5.674,5
31.5,5,4.833,6.196,5.22
31.6,5,5.257,6.739,5.43
31.7,5,5.697,7.304,5.65
31.8,5,6.155,7.891,5.87
31.9,5,6.629,8.499,6.08
32,5,7.12,9.128,6.29
32.1,5,7.627,9.778,6.5
32.2,5,8.15,10.449,6.71
32.3,5,8.689,11.14,6.91
32.4,5,9.245,11.852,7.12
32.5,5,9.816,12.585,7.33
32.6,5,10,13.338,7.53
32.7,5,10,14.111,7.73
32.8,5,10,14.905,7.94
32.9,5,10,15.718,8.13
33,5,10,16.551,8.33
33.1,5,10,17.403,8.52
33.2,5,10,18.275,8.72
33.3,5,10,19.167,8.92
33.4,5,10,20.078,9.11
33.5,5,10,21.008,9.3
33.6,5,10,21.956,9.48
33.7,5,10,22.924,9.68
33.8,5,10,23.911,9.87
33.9,5,10,24.916,10.05
34,5,10,25.939,10.23
34.1,5,10,26.981,10.42
34.2,5,10,28.041,10.6
34.3,5,10,29.119,10.78
34.4,5,10,30.216,10.97
34.5,5,10,31.33,11.14
34.6,5,10,32.461,11.31
34.7,5,10,33.611,11.5
34.8,5,10,34.778,11.67
34.9,5,10,35.962,11.84
35,5,10,37.164,12.02
35.1,5,10,38.382,12.18
35.2,5,10,39.618,12.36
35.3,5,10,40.871,12.53
35.4,5,10,42.14,12.69
35.5,5,10,43.426,12.86
35.6,5,10,44.729,13.03
35.7,5,10,46.048,13.19
35.8,5,10,47.384,13.36
35.9,5,10,48.736,13.52
36,5,10,50.104,13.68
36.1,5,10,51.488,13.84
36.2,5,10,52.887,13.99
36.3,5,10,54.303,14.16
36.4,5,10,55.735,14.32
36.5,5,10,57.182,14.47
36.6,5,10,58.644,14.62
36.7,5,10,60.122,14.78
36.8,5,10,61.615,14.93
36.9,5,10,63.123,15.08
37,5,10,64.647,15.24
37.1,5,10,66.185,15.38
37.2,5,10,67.738,15.53
37.3,5,10,69.306,15.68
37.4,5,10,70.889,15.83
37.5,5,10,72.486,15.97
37.6,5,10,74.098,16.12
37.7,5,10,75.724,16.26
37.8,5,10,77.364,16.4
37.9,5,10,79.019,16.55
38,5,10,80.687,16.68
38.1,5,10,82.37,16.83
38.2,5,10,84.066,16.96
38.3,5,10,85.777,17.11
38.4,5,10,87.501,17.24
38.5,5,10,89.238,17.37
38.6,5,10,90.989,17.51
38.7,5,10,92.754,17.65
38.8,5,10,94.532,17.78
38.9,5,10,96.323,17.91
39,5,10,98.127,18.04
39.1,5,10,99.944,18.17
39.2,5,10,101.775,18.31
39.3,5,10,103.618,18.43
39.4,5,10,105.474,18.56
39.5,5,10,107.343,18.69
39.6,5,10,109.224,18.81
39.7,5,10,111.118,18.94
39.8,5,10,113.024,19.06
39.9,5,10,114.943,19.19
40,5,10,116.874,19.31
40.1,5,10,118.818,19.44
40.2,5,10,120.773,19.55
40.3,5,10,122.74,19.67
40.4,5,10,124.72,19.8
40.5,5,10,126.711,19.91
40.6,5,10,128.714,20.03
40.7,5,10,130.729,20.15
40.8,5,10,132.756,20.27
40.9,5,10,134.794,20.38
41,5,10,136.843,20.49
41.1,5,10,138.904,20.61
41.2,5,10,140.976,20.72
41.3,5,10,143.06,20.84
41.4,5,10,145.155,20.95
41.5,5,10,147.26,21.05
41.6,5,10,149.377,21.17
41.7,5,10,151.505,21.28
41.8,5,10,153.644,21.39
41.9,5,10,155.793,21.49
42,5,10,157.953,21.6
42.1,5,10,160.124,21.71
42.2,5,10,162.306,21.82
42.3,5,10,164.498,21.92
42.4,5,10,166.7,22.02
42.5,5,10,168.913,22.13
42.6,5,10,171.136,22.23
42.7,5,10,173.369,22.33
42.8,5,10,175.613,22.44
42.9,5,10,177.866,22.53
43,5,10,180.13,22.64
43.1,5,10,182.404,22.74
43.2,5,10,184.687,22.83
43.3,5,10,186.98,22.93
43.4,5,10,189.283,23.03
43.5,5,10,191.596,23.13
43.6,5,10,193.918,23.22
43.7,5,10,196.25,23.32
43.8,5,10,198.592,23.42
43.9,5,10,200.943,23.51
44,5,10,203.303,23.6
44.1,5,10,205.672,23.69
44.2,5,10,208.051,23.79
44.3,5,10,210.439,23.88
44.4,5,10,212.836,23.97
44.5,5,10,215.242,24.06
44.6,5,10,217.658,24.16
44.7,5,10,220.082,24.24
44.8,5,10,222.515,24.33
44.9,5,10,224.956,24.41
45,5,10,227.407,24.51
45.1,5,10,229.866,24.59
45.2,5,10,232.334,24.68
45.3,5,10,234.81,24.76
45.4,5,10,237.295,24.85
45.5,5,10,239.789,24.94
45.6,5,10,242.29,25.01
45.7,5,10,244.801,25.11
45.8,5,10,247.319,25.18
45.9,5,10,249.846,25.27
46,5,10,252.381,25.35
46.1,5,10,254.924,25.43
46.2,5,10,257.475,25.51
46.3,5,10,260.034,25.59
46.4,5,10,262.601,25.67
46.5,5,10,265.176,25.75
46.6,5,10,267.758,25.82
46.7,5,10,270.349,25.91
46.8,5,10,272.947,25.98
46.9,5,10,275.553,26.06
47,5,10,278.167,26.14
47.1,5,10,280.788,26.21
47.2,5,10,283.417,26.29
47.3,5,10,286.053,26.36
47.4,5,10,288.697,26.44
47.5,5,10,291.348,26.51
47.6,5,10,294.007,26.59
47.7,5,10,296.672,26.65
47.8,5,10,299.345,26.73
47.9,5,10,302.025,26.8
48,5,10,304.713,26.88
48.1,5,10,307.407,26.94
48.2,5,10,310.109,27.02
48.3,5,10,312.817,27.08
48.4,5,10,315.532,27.15
48.5,5,10,318.255,27.23
48.6,5,10,320.984,27.29
48.7,5,10,323.72,27.36
48.8,5,10,326.462,27.42
48.9,5,10,329.212,27.5
49,5,10,331.968,27.56
49.1,5,10,334.731,27.63
49.2,5,10,337.5,27.69
49.3,5,10,340.276,27.76
49.4,5,10,343.058,27.82
49.5,5,10,345.847,27.89
49.6,5,10,348.642,27.95
49.7,5,10,351.444,28.02
49.8,5,10,354.251,28.07
49.9,5,10,357.066,28.15
50,5,10,359.886,28.2
50.1,5,10,362.713,28.27
50.2,5,10,365.545,28.32
50.3,5,10,368.384,28.39
50.4,5,10,371.229,28.45
50.5,5,10,374.08,28.51
50.6,5,10,376.937,28.57
50.7,5,10,379.8,28.63
50.8,5,10,382.668,28.68
50.9,5,10,385.543,28.75
51,5,10,388.423,28.8
51.1,5,10,391.31,28.87
51.2,5,10,394.202,28.92
51.3,5,10,397.099,28.97
51.4,5,10,400.003,29.04
51.5,5,10,402.912,29.09
51.6,5,10,405.826,29.14
51.7,5,10,408.746,29.2
51.8,5,10,411.672,29.26
51.9,5,10,414.603,29.31
52,5,10,417.54,29.37
52.1,5,10,420.482,29.42
52.2,5,10,423.429,29.47
52.3,5,10,426.382,29.53
52.4,5,10,429.339,29.57
52.5,5,10,432.303,29.64
52.6,5,10,435.271,29.68
52.7,5,10,438.245,29.74
52.8,5,10,441.224,29.79
52.9,5,10,444.207,29.83
53,5,10,447.196,29.89
53.1,5,10,450.19,29.94
53.2,5,10,453.189,29.99
53.3,5,10,456.194,30.05
53.4,5,10,459.202,30.08
53.5,5,10,462.216,30.14
53.6,5,10,465.235,30.19
53.7,5,10,468.259,30.24
53.8,5,10,471.287,30.28
53.9,5,10,474.32,30.33
54,5,10,477.358,30.38
54.1,5,10,480.401,30.43
54.2,5,10,483.448,30.47
54.3,5,10,486.5,30.52
54.4,5,10,489.557,30.57
54.5,5,10,492.618,30.61
54.6,5,10,495.684,30.66
54.7,5,10,498.755,30.71
54.8,5,10,501.829,30.74
54.9,5,10,504.909,30.8
55,5,10,507.992,30.83
55.1,5,10,511.081,30.89
55.2,5,10,514.173,30.92
55.3,5,10,517.27,30.97
55.4,5,10,520.371,31.01
55.5,5,10,523.477,31.06
55.6,5,10,526.586,31.09
55.7,5,10,529.7,31.14
55.8,5,10,532.819,31.19
55.9,5,10,535.941,31.22
56,5,10,539.067,31.26
56.1,5,10,542.198,31.31
56.2,5,10,545.333,31.35
56.3,5,10,548.472,31.39
56.4,5,10,551.614,31.42
56.5,5,10,554.761,31.47
56.6,5,10,557.912,31.51
56.7,5,10,561.067,31.55
56.8,5,10,564.225,31.58
56.9,5,10,567.388,31.63
57,5,10,570.554,31.66
57.1,5,10,573.725,31.71
57.2,5,10,576.899,31.74
57.3,5,10,580.077,31.78
57.4,5,10,583.259,31.82
57.5,5,10,586.444,31.85
57.6,5,10,589.633,31.89
57.7,5,10,592.826,31.93
57.8,5,10,596.023,31.97
57.9,5,10,599.223,32
58,5,10,602.426,32.03
58.1,5,10,605.634,32.08
58.2,5,10,608.845,32.11
58.3,5,10,612.059,32.14
58.4,5,10,615.277,32.18
58.5,5,10,618.499,32.22
58.6,5,10,621.724,32.25
58.7,5,10,624.952,32.28
58.8,5,10,628.184,32.32
58.9,5,10,631.42,32.36
59,5,10,634.658,32.38
59.1,5,10,637.9,32.42
59.2,5,10,641.146,32.46
59.3,5,10,644.394,32.48
59.4,5,10,647.646,32.52
59.5,5,10,650.902,32.56
59.6,5,10,654.16,32.58
59.7,5,10,657.422,32.62
59.8,5,10,660.687,32.65
59.9,5,10,663.955,32.68
60,5,10,667.226,32.71
60.1,5,10,670.501,32.75
60.2,5,10,673.778,32.77
60.3,5,10,677.059,32.81
60.4,5,10,680.342,32.83
60.5,5,10,683.629,32.87
60.6,5,10,686.919,32.9
60.7,5,10,690.212,32.93
60.8,5,10,693.508,32.96
60.9,5,10,696.806,32.98
61,5,10,700.108,33.02
61.1,5,10,703.413,33.05
61.2,5,10,706.72,33.07
61.3,5,10,710.031,33.11
61.4,5,10,713.344,33.13
61.5,5,10,716.66,33.16
61.6,5,10,719.979,33.19
61.7,5,10,723.301,33.22
61.8,5,10,726.626,33.25
61.9,5,10,729.953,33.27
62,5,10,733.283,33.3
62.1,5,10,736.616,33.33
62.2,5,10,739.952,33.36
62.3,5,10,743.29,33.38
62.4,5,10,746.631,33.41
62.5,5,10,749.975,33.44
62.6,5,10,753.321,33.46
62.7,5,10,756.67,33.49
62.8,5,10,760.022,33.52
62.9,5,10,763.376,33.54
63,5,10,766.733,33.57
63.1,5,10,770.092,33.59
63.2,5,10,773.454,33.62
63.3,5,10,776.818,33.64
63.4,5,10,780.185,33.67
63.5,5,10,783.555,33.7
63.6,5,10,786.926,33.71
63.7,5,10,790.301,33.75
63.8,5,10,793.677,33.76
63.9,5,10,797.057,33.8
64,5,10,800.438,33.81
64.1,5,10,803.822,33.84
64.2,5,10,807.209,33.87
64.3,5,10,810.597,33.88
64.4,5,10,813.988,33.91
64.5,5,10,817.382,33.94
64.6,5,10,820.777,33.95
64.7,5,10,824.175,33.98
64.8,5,10,827.576,34.01
64.9,5,10,830.978,34.02
65,5,10,834.383,34.05
65.1,5,10,837.79,34.07
65.2,5,10,841.199,34.09
65.3,5,10,844.611,34.12
65.4,5,10,848.025,34.14
65.5,5,10,851.44,34.15
65.6,5,10,854.858,34.18
65.7,5,10,858.278,34.2
65.8,5,10,861.701,34.23
65.9,5,10,865.125,34.24
66,5,10,868.552,34.27
66.1,5,10,871.98,34.28
66.2,5,10,875.411,34.31
66.3,5,10,878.844,34.33
66.4,5,10,882.278,34.34
66.5,5,10,885.715,34.37
66.6,5,10,889.154,34.39
66.7,5,10,892.595,34.41
66.8,5,10,896.037,34.42
66.9,5,10,899.482,34.45
67,5,10,902.929,34.47
67.1,5,10,906.378,34.49
67.2,5,10,909.828,34.5
67.3,5,10,913.281,34.53
67.4,5,10,916.735,34.54
67.5,5,10,920.192,34.57
67.6,5,10,923.65,34.58
67.7,5,10,927.11,34.6
67.8,5,10,930.572,34.62
67.9,5,10,934.036,34.64
68,5,10,937.502,34.66
68.1,5,10,940.969,34.67
68.2,5,10,944.438,34.69
68.3,5,10,947.909,34.71
68.4,5,10,951.382,34.73
68.5,5,10,954.857,34.75
68.6,5,10,958.333,34.76
68.7,5,10,961.812,34.79
68.8,5,10,965.292,34.8
68.9,5,10,968.773,34.81
69,5,10,972.257,34.84
69.1,5,10,975.742,34.85
69.2,5,10,979.228,34.86
69.3,5,10,982.717,34.89
69.4,5,10,986.207,34.9
69.5,5,10,989.699,34.92
69.6,5,10,993.192,34.93
69.7,5,10,996.687,34.95
69.8,5,10,1000.184,34.97
69.9,5,10,1003.682,34.98
70,5,10,1007.182,35
70.1,5,10,1010.683,35.01
70.2,5,10,1014.186,35.03
70.3,5,10,1017.691,35.05
70.4,5,10,1021.197,35.06
70.5,5,10,1024.705,35.08
70.6,5,10,1028.214,35.09
70.7,5,10,1031.725,35.11
70.8,5,10,1035.237,35.12
70.9,5,10,1038.751,35.14
71,5,10,1042.266,35.15
71.1,5,10,1045.783,35.17
71.2,5,10,1049.302,35.19
71.3,5,10,1052.821,35.19
71.4,5,10,1056.343,35.22
71.5,5,10,1059.865,35.22
71.6,5,10,1063.389,35.24
71.7,5,10,1066.915,35.26
71.8,5,10,1070.442,35.27
71.9,5,10,1073.97,35.28
72,5,10,1077.5,35.3
72.1,5,10,1081.031,35.31
72.2,5,10,1084.563,35.32
72.3,5,10,1088.097,35.34
72.4,5,10,1091.633,35.36
72.5,5,10,1095.169,35.36
72.6,5,10,1098.707,35.38
72.7,5,10,1102.246,35.39
72.8,5,10,1105.787,35.41
72.9,5,10,1109.329,35.42
73,5,10,1112.872,35.43
73.1,5,10,1116.417,35.45
73.2,5,10,1119.962,35.45
73.3,5,10,1123.51,35.48
73.4,5,10,1127.058,35.48
73.5,5,10,1130.608,35.5
73.6,5,10,1134.158,35.5
73.7,5,10,1137.711,35.53
73.8,5,10,1141.264,35.53
73.9,5,10,1144.819,35.55
74,5,10,1148.374,35.55
74.1,5,10,1151.931,35.57
74.2,5,10,1155.49,35.59
74.3,5,10,1159.049,35.59
74.4,5,10,1162.61,35.61
74.5,5,10,1166.171,35.61
74.6,5,10,1169.734,35.63
74.7,5,10,1173.299,35.65
74.8,5,10,1176.864,35.65
74.9,5,10,1180.43,35.66
75,5,10,1183.998,35.68
75.1,5,10,1187.567,35.69
75.2,5,10,1191.136,35.69
75.3,5,10,1194.707,35.71
75.4,5,10,1198.279,35.72
75.5,5,10,1201.853,35.74
75.6,5,10,1205.427,35.74
75.7,5,10,1209.002,35.75
75.8,5,10,1212.579,35.77
75.9,5,10,1216.156,35.77
76,5,10,1219.735,35.79
76.1,5,10,1223.314,35.79
76.2,5,10,1226.895,35.81
76.3,5,10,1230.477,35.82
76.4,5,10,1234.06,35.83
76.5,5,10,1237.643,35.83
76.6,5,10,1241.228,35.85
76.7,5,10,1244.814,35.86
76.8,5,10,1248.401,35.87
76.9,5,10,1251.989,35.88
77,5,10,1255.578,35.89
77.1,5,10,1259.167,35.89
77.2,5,10,1262.758,35.91
77.3,5,10,1266.35,35.92
77.4,5,10,1269.943,35.93
77.5,5,10,1273.537,35.94
77.6,5,10,1277.131,35.94
77.7,5,10,1280.727,35.96
77.8,5,10,1284.323,35.96
77.9,5,10,1287.921,35.98
78,5,10,1291.519,35.98
78.1,5,10,1295.119,36
78.2,5,10,1298.719,36
78.3,5,10,1302.32,36.01
78.4,5,10,1305.922,36.02
78.5,5,10,1309.525,36.03
78.6,5,10,1313.129,36.04
78.7,5,10,1316.734,36.05
78.8,5,10,1320.34,36.06
78.9,5,10,1323.946,36.06
79,5,10,1327.554,36.08
79.1,5,10,1331.162,36.08
79.2,5,10,1334.771,36.09
79.3,5,10,1338.381,36.1
79.4,5,10,1341.992,36.11
79.5,5,10,1345.604,36.12
79.6,5,10,1349.216,36.12
79.7,5,10,1352.829,36.13
79.8,5,10,1356.444,36.15
79.9,5,10,1360.059,36.15
80,5,10,1363.674,36.15
80.1,5,10,1367.291,36.17
80.2,5,10,1370.908,36.17
80.3,5,10,1374.527,36.19
80.4,5,10,1378.146,36.19
80.5,5,10,1381.765,36.19
80.6,5,10,1385.386,36.21
80.7,5,10,1389.007,36.21
80.8,5,10,1392.629,36.22
80.9,5,10,1396.252,36.23
81,5,10,1399.876,36.24
81.1,5,10,1403.5,36.24
81.2,5,10,1407.125,36.25
81.3,5,10,1410.751,36.26
81.4,5,10,1414.378,36.27
81.5,5,10,1418.005,36.27
81.6,5,10,1421.633,36.28
81.7,5,10,1425.262,36.29
81.8,5,10,1428.891,36.29
81.9,5,10,1432.522,36.31
82,5,10,1436.153,36.31
82.1,5,10,1439.784,36.31
82.2,5,10,1443.417,36.33
82.3,5,10,1447.05,36.33
82.4,5,10,1450.683,36.33
82.5,5,10,1454.318,36.35
82.6,5,10,1457.953,36.35
82.7,5,10,1461.589,36.36
82.8,5,10,1465.225,36.36
82.9,5,10,1468.862,36.37
83,5,10,1472.5,36.38
83.1,5,10,1476.138,36.38
83.2,5,10,1479.777,36.39
83.3,5,10,1483.417,36.4
83.4,5,10,1487.057,36.4
83.5,5,10,1490.698,36.41
83.6,5,10,1494.34,36.42
83.7,5,10,1497.982,36.42
83.8,5,10,1501.625,36.43
83.9,5,10,1505.269,36.44
84,5,10,1508.913,36.44
84.1,5,10,1512.558,36.45
84.2,5,10,1516.203,36.45
84.3,5,10,1519.849,36.46
84.4,5,10,1523.496,36.47
84.5,5,10,1527.143,36.47
84.6,5,10,1530.791,36.48
84.7,5,10,1534.439,36.48
84.8,5,10,1538.088,36.49
84.9,5,10,1541.738,36.5
85,5,10,1545.388,36.5
85.1,5,10,1549.038,36.5
85.2,5,10,1552.69,36.52
85.3,5,10,1556.341,36.51
85.4,5,10,1559.994,36.53
85.5,5,10,1563.647,36.53
85.6,5,10,1567.3,36.53
85.7,5,10,1570.954,36.54
85.8,5,10,1574.609,36.55
85.9,5,10,1578.264,36.55
86,5,10,1581.92,36.56
86.1,5,10,1585.576,36.56
86.2,5,10,1589.233,36.57
86.3,5,10,1592.89,36.57
86.4,5,10,1596.548,36.58
86.5,5,10,1600.206,36.58
86.6,5,10,1603.865,36.59
86.7,5,10,1607.524,36.59
86.8,5,10,1611.184,36.6
86.9,5,10,1614.845,36.61
87,5,10,1618.506,36.61
87.1,5,10,1622.167,36.61
87.2,5,10,1625.829,36.62
87.3,5,10,1629.491,36.62
87.4,5,10,1633.154,36.63
87.5,5,10,1636.818,36.64
87.6,5,10,1640.481,36.63
87.7,5,10,1644.146,36.65
87.8,5,10,1647.811,36.65
87.9,5,10,1651.476,36.65
88,5,10,1655.142,36.66
88.1,5,10,1658.808,36.66
88.2,5,10,1662.475,36.67
88.3,5,10,1666.142,36.67
88.4,5,10,1669.809,36.67
88.5,5,10,1673.477,36.68
88.6,5,10,1677.146,36.69
88.7,5,10,1680.815,36.69
88.8,5,10,1684.484,36.69
88.9,5,10,1688.154,36.7
89,5,10,1691.825,36.71
89.1,5,10,1695.495,36.7
89.2,5,10,1699.166,36.71
89.3,5,10,1702.838,36.72
89.4,5,10,1706.51,36.72
89.5,5,10,1710.183,36.73
89.6,5,10,1713.855,36.72
89.7,5,10,1717.529,36.74
89.8,5,10,1721.203,36.74
89.9,5,10,1724.877,36.74
90,5,10,1728.551,36.74
90.1,5,10,1732.226,36.75
90.2,5,10,1735.902,36.76
90.3,5,10,1739.577,36.75
90.4,5,10,1743.254,36.77
90.5,5,10,1746.93,36.76
90.6,5,10,1750.607,36.77
90.7,5,10,1754.284,36.77
90.8,5,10,1757.962,36.78
90.9,5,10,1761.64,36.78
91,5,10,1765.319,36.79
91.1,5,10,1768.998,36.79
91.2,5,10,1772.677,36.79
91.3,5,10,1776.357,36.8
91.4,5,10,1780.037,36.8
91.5,5,10,1783.717,36.8
91.6,5,10,1787.398,36.81
91.7,5,10,1791.079,36.81
91.8,5,10,1794.761,36.82
91.9,5,10,1798.443,36.82
92,5,10,1802.125,36.82
92.1,5,10,1805.807,36.82
92.2,5,10,1809.49,36.83
92.3,5,10,1813.174,36.84
92.4,5,10,1816.857,36.83
92.5,5,10,1820.541,36.84
92.6,5,10,1824.226,36.85
92.7,5,10,1827.91,36.84
92.8,5,10,1831.595,36.85
92.9,5,10,1835.281,36.86
93,5,10,1838.966,36.85
93.1,5,10,1842.652,36.86
93.2,5,10,1846.339,36.87
93.3,5,10,1850.025,36.86
93.4,5,10,1853.712,36.87
93.5,5,10,1857.4,36.88
93.6,5,10,1861.088,36.88
93.7,5,10,1864.775,36.87
93.8,5,10,1868.464,36.89
93.9,5,10,1872.152,36.88
94,5,10,1875.841,36.89
94.1,5,10,1879.531,36.9
94.2,5,10,1883.22,36.89
94.3,5,10,1886.91,36.9
94.4,5,10,1890.6,36.9
94.5,5,10,1894.291,36.91
94.6,5,10,1897.981,36.9
94.7,5,10,1901.673,36.92
94.8,5,10,1905.364,36.91
94.9,5,10,1909.056,36.92
95,5,10,1912.748,36.92
95.1,5,10,1916.44,36.92
95.2,5,10,1920.132,36.92
95.3,5,10,1923.825,36.93
95.4,5,10,1927.518,36.93
95.5,5,10,1931.212,36.94
95.6,5,10,1934.905,36.93
95.7,5,10,1938.599,36.94
95.8,5,10,1942.294,36.95
95.9,5,10,1945.988,36.94
96,5,10,1949.683,36.95
96.1,5,10,1953.378,36.95
96.2,5,10,1957.073,36.95
96.3,5,10,1960.769,36.96
96.4,5,10,1964.465,36.96
96.5,5,10,1968.161,36.96
96.6,5,10,1971.857,36.96
96.7,5,10,1975.554,36.97
96.8,5,10,1979.251,36.97
96.9,5,10,1982.948,36.97
97,5,10,1986.645,36.97
97.1,5,10,1990.343,36.98
97.2,5,10,1994.041,36.98
97.3,5,10,1997.739,36.98
97.4,5,10,2001.438,36.99
97.5,5,10,2005.136,36.98
97.6,5,10,2008.835,36.99
97.7,5,10,2012.534,36.99
97.8,5,10,2016.234,37
97.9,5,10,2019.934,37
98,5,10,2023.633,36.99
98.1,5,10,2027.334,37.01
98.2,5,10,2031.034,37
98.3,5,10,2034.735,37.01
98.4,5,10,2038.435,37
98.5,5,10,2042.136,37.01
98.6,5,10,2045.838,37.02
98.7,5,10,2049.539,37.01
98.8,5,10,2053.241,37.02
98.9,5,10,2056.943,37.02
99,5,10,2060.645,37.02
99.1,5,10,2064.348,37.03
99.2,5,10,2068.05,37.02
99.3,5,10,2071.753,37.03
99.4,5,10,2075.456,37.03
99.5,5,10,2079.16,37.04
99.6,5,10,2082.863,37.03
99.7,5,10,2086.567,37.04
99.8,5,10,2090.271,37.04
99.9,5,10,2093.975,37.04
100,5,10,2097.679,37.04
100.1,5,10,2101.384,37.05
100.2,5,10,2105.089,37.05
100.3,5,10,2108.793,37.04
100.4,5,10,2112.499,37.06
100.5,5,10,2116.204,37.05
100.6,5,10,2119.91,37.06
100.7,5,10,2123.615,37.05
100.8,5,10,2127.321,37.06
100.9,5,10,2131.028,37.07
101,5,10,2134.734,37.06
101.1,5,10,2138.44,37.06
101.2,5,10,2142.147,37.07
101.3,5,10,2145.854,37.07
101.4,5,10,2149.561,37.07
101.5,5,10,2153.269,37.08
101.6,5,10,2156.976,37.07
101.7,5,10,2160.684,37.08
101.8,5,10,2164.392,37.08
101.9,5,10,2168.1,37.08
102,5,10,2171.808,37.08
102.1,5,10,2175.516,37.08
102.2,5,10,2179.225,37.09
102.3,5,10,2182.934,37.09
102.4,5,10,2186.643,37.09
102.5,5,10,2190.352,37.09
102.6,5,10,2194.061,37.09
102.7,5,10,2197.771,37.1
102.8,5,10,2201.48,37.09
102.9,5,10,2205.19,37.1
103,5,10,2208.9,37.1
103.1,5,10,2212.61,37.1
103.2,5,10,2216.321,37.11
103.3,5,10,2220.031,37.1
103.4,5,10,2223.742,37.11
103.5,5,10,2227.453,37.11
103.6,5,10,2231.164,37.11
103.7,5,10,2234.875,37.11
103.8,5,10,2238.586,37.11
103.9,5,10,2242.298,37.12
104,5,10,2246.009,37.11
104.1,5,10,2249.721,37.12
104.2,5,10,2253.433,37.12
104.3,5,10,2257.145,37.12
104.4,5,10,2260.858,37.13
104.5,5,10,2264.57,37.12
104.6,5,10,2268.283,37.13
104.7,5,10,2271.995,37.12
104.8,5,10,2275.708,37.13
104.9,5,10,2279.421,37.13
105,5,10,2283.134,37.13
105.1,5,10,2286.848,37.14
105.2,5,10,2290.561,37.13
105.3,5,10,2294.275,37.14
105.4,5,10,2297.989,37.14
105.5,5,10,2301.702,37.13
105.6,5,10,2305.417,37.15
105.7,5,10,2309.131,37.14
105.8,5,10,2312.845,37.14
105.9,5,10,2316.56,37.15
106,5,10,2320.274,37.14
106.1,5,10,2323.989,37.15
106.2,5,10,2327.704,37.15
106.3,5,10,2331.419,37.15
106.4,5,10,2335.134,37.15
106.5,5,10,2338.849,37.15
106.6,5,10,2342.565,37.16
106.7,5,10,2346.28,37.15
106.8,5,10,2349.996,37.16
106.9,5,10,2353.712,37.16
107,5,10,2357.428,37.16
107.1,5,10,2361.144,37.16
107.2,5,10,2364.86,37.16
107.3,5,10,2368.576,37.16
107.4,5,10,2372.293,37.17
107.5,5,10,2376.009,37.16
107.6,5,10,2379.726,37.17
107.7,5,10,2383.443,37.17
107.8,5,10,2387.16,37.17
107.9,5,10,2390.877,37.17
108,5,10,2394.594,37.17
108.1,5,10,2398.312,37.18
108.2,5,10,2402.029,37.17
108.3,5,10,2405.747,37.18
108.4,5,10,2409.464,37.17
108.5,5,10,2413.182,37.18
108.6,5,10,2416.9,37.18
108.7,5,10,2420.618,37.18
108.8,5,10,2424.336,37.18
108.9,5,10,2428.054,37.18
109,5,10,2431.773,37.19
109.1,5,10,2435.491,37.18
109.2,5,10,2439.21,37.19
109.3,5,10,2442.928,37.18
109.4,5,10,2446.647,37.19
109.5,5,10,2450.366,37.19
109.6,5,10,2454.085,37.19
109.7,5,10,2457.804,37.19
109.8,5,10,2461.524,37.2
109.9,5,10,2465.243,37.19
110,5,10,2468.962,37.19
110.1,5,10,2472.682,37.2
110.2,5,10,2476.402,37.2
110.3,5,10,2480.121,37.19
110.4,5,10,2483.841,37.2
110.5,5,10,2487.561,37.2
110.6,5,10,2491.281,37.2
110.7,5,10,2495.002,37.21
110.8,5,10,2498.722,37.2
110.9,5,10,2502.442,37.2
111,5,10,2506.163,37.21
111.1,5,10,2509.883,37.2
111.2,5,10,2513.604,37.21
111.3,5,10,2517.325,37.21
111.4,5,10,2521.046,37.21
111.5,5,10,2524.767,37.21
111.6,5,10,2528.488,37.21
111.7,5,10,2532.209,37.21
111.8,5,10,2535.93,37.21
111.9,5,10,2539.651,37.21
112,5,10,2543.373,37.22
112.1,5,10,2547.094,37.21
112.2,5,10,2550.816,37.22
112.3,5,10,2554.538,37.22
112.4,5,10,2558.26,37.22
112.5,5,10,2561.981,37.21
112.6,5,10,2565.703,37.22
112.7,5,10,2569.425,37.22
112.8,5,10,2573.148,37.23
112.9,5,10,2576.87,37.22
113,5,10,2580.592,37.22
113.1,5,10,2584.315,37.23
113.2,5,10,2588.037,37.22
113.3,5,10,2591.76,37.23
113.4,5,10,2595.482,37.22
113.5,5,10,2599.205,37.23
113.6,5,10,2602.928,37.23
113.7,5,10,2606.651,37.23
113.8,5,10,2610.374,37.23
113.9,5,10,2614.097,37.23
114,5,10,2617.82,37.23
114.1,5,10,2621.543,37.23
114.2,5,10,2625.267,37.24
114.3,5,10,2628.99,37.23
114.4,5,10,2632.714,37.24
114.5,5,10,2636.437,37.23
114.6,5,10,2640.161,37.24
114.7,5,10,2643.884,37.23
114.8,5,10,2647.608,37.24
114.9,5,10,2651.332,37.24
115,5,10,2655.056,37.24
115.1,5,10,2658.78,37.24
115.2,5,10,2662.504,37.24
115.3,5,10,2666.228,37.24
115.4,5,10,2669.952,37.24
115.5,5,10,2673.677,37.25
115.6,5,10,2677.401,37.24
115.7,5,10,2681.126,37.25
115.8,5,10,2684.85,37.24
115.9,5,10,2688.575,37.25
116,5,10,2692.299,37.24
116.1,5,10,2696.024,37.25
116.2,5,10,2699.749,37.25
116.3,5,10,2703.474,37.25
116.4,5,10,2707.199,37.25
116.5,5,10,2710.924,37.25
116.6,5,10,2714.649,37.25
116.7,5,10,2718.374,37.25
116.8,5,10,2722.099,37.25
116.9,5,10,2725.824,37.25
117,5,10,2729.55,37.26
117.1,5,10,2733.275,37.25
117.2,5,10,2737.001,37.26
117.3,5,10,2740.726,37.25
117.4,5,10,2744.452,37.26
117.5,5,10,2748.177,37.25
117.6,5,10,2751.903,37.26
117.7,5,10,2755.629,37.26
117.8,5,10,2759.355,37.26
117.9,5,10,2763.081,37.26
118,5,10,2766.807,37.26
118.1,5,10,2770.533,37.26
118.2,5,10,2774.259,37.26
118.3,5,10,2777.985,37.26
118.4,5,10,2781.711,37.26
118.5,5,10,2785.438,37.27
118.6,5,10,2789.164,37.26
118.7,5,10,2792.89,37.26
118.8,5,10,2796.617,37.27
118.9,5,10,2800.343,37.26
119,5,10,2804.07,37.27
119.1,5,10,2807.796,37.26
119.2,5,10,2811.523,37.27
119.3,5,10,2815.25,37.27
119.4,5,10,2818.977,37.27
119.5,5,10,2822.703,37.26
119.6,5,10,2826.43,37.27
119.7,5,10,2830.157,37.27
119.8,5,10,2833.884,37.27
119.9,5,10,2837.611,37.27
120,5,10,2841.339,37.28
120.1,5,10,2845.066,37.27
120.2,5,10,2848.793,37.27
120.3,5,10,2852.52,37.27
120.4,5,10,2856.248,37.28
120.5,5,10,2859.975,37.27
120.6,5,10,2863.702,37.27
120.7,5,10,2867.43,37.28
120.8,5,10,2871.157,37.27
120.9,5,10,2874.885,37.28
121,5,10,2878.613,37.28
121.1,5,10,2882.34,37.27
121.2,5,10,2886.068,37.28
121.3,5,10,2889.796,37.28
121.4,5,10,2893.524,37.28
121.5,5,10,2897.252,37.28
121.6,5,10,2900.98,37.28
121.7,5,10,2904.707,37.27
121.8,5,10,2908.436,37.29
121.9,5,10,2912.164,37.28
122,5,10,2915.892,37.28
122.1,5,10,2919.62,37.28
122.2,5,10,2923.348,37.28
122.3,5,10,2927.076,37.28
122.4,5,10,2930.805,37.29
122.5,5,10,2934.533,37.28
122.6,5,10,2938.261,37.28
122.7,5,10,2941.99,37.29
122.8,5,10,2945.718,37.28
122.9,5,10,2949.447,37.29
123,5,10,2953.175,37.28
123.1,5,10,2956.904,37.29
123.2,5,10,2960.633,37.29
123.3,5,10,2964.361,37.28
123.4,5,10,2968.09,37.29
123.5,5,10,2971.819,37.29
123.6,5,10,2975.548,37.29
123.7,5,10,2979.277,37.29
123.8,5,10,2983.006,37.29
123.9,5,10,2986.735,37.29
124,5,10,2990.464,37.29
124.1,5,10,2994.193,37.29
124.2,5,10,2997.922,37.29
124.3,5,10,3001.651,37.29
124.4,5,10,3005.38,37.29
124.5,5,10,3009.109,37.29
124.6,5,10,3012.838,37.29
124.7,5,10,3016.568,37.3
124.8,5,10,3020.297,37.29
124.9,5,10,3024.026,37.29
125,5,10,3027.756,37.3
125.1,5,10,3031.485,37.29
125.2,5,10,3035.215,37.3
125.3,5,10,3038.944,37.29
125.4,5,10,3042.674,37.3
125.5,5,10,3046.403,37.29
125.6,5,10,3050.133,37.3
125.7,5,10,3053.862,37.29
125.8,5,10,3057.592,37.3
125.9,5,10,3061.322,37.3
126,5,10,3065.052,37.3
126.1,5,10,3068.781,37.29
126.2,5,10,3072.511,37.3
126.3,5,10,3076.241,37.3
126.4,5,10,3079.971,37.3
126.5,5,10,3083.701,37.3
126.6,5,10,3087.431,37.3
126.7,5,10,3091.161,37.3
126.8,5,10,3094.891,37.3
126.9,5,10,3098.621,37.3
127,5,10,3102.351,37.3
127.1,5,10,3106.081,37.3
127.2,5,10,3109.811,37.3
127.3,5,10,3113.542,37.31
127.4,5,10,3117.272,37.3
127.5,5,10,3121.002,37.3
127.6,5,10,3124.732,37.3
127.7,5,10,3128.463,37.31
127.8,5,10,3132.193,37.3
127.9,5,10,3135.924,37.31
128,5,10,3139.654,37.3
128.1,5,10,3143.384,37.3
128.2,5,10,3147.115,37.31
128.3,5,10,3150.845,37.3
128.4,5,10,3154.576,37.31
128.5,5,10,3158.307,37.31
128.6,5,10,3162.037,37.3
128.7,5,10,3165.768,37.31
128.8,5,10,3169.498,37.3
128.9,5,10,3173.229,37.31
129,5,10,3176.96,37.31
129.1,5,10,3180.691,37.31
129.2,5,10,3184.421,37.3
129.3,5,10,3188.152,37.31
129.4,5,10,3191.883,37.31
129.5,5,10,3195.614,37.31
129.6,5,10,3199.345,37.31
129.7,5,10,3203.076,37.31
129.8,5,10,3206.807,37.31
129.9,5,10,3210.538,37.31
130,5,10,3214.269,37.31
130.1,5,10,3218,37.31
130.2,5,10,3221.731,37.31
130.3,5,10,3225.462,37.31
130.4,5,10,3229.193,37.31
130.5,5,10,3232.924,37.31
130.6,5,10,3236.655,37.31
130.7,5,10,3240.386,37.31
130.8,5,10,3244.118,37.32
130.9,5,10,3247.849,37.31
131,5,10,3251.58,37.31
131.1,5,10,3255.312,37.32
131.2,5,10,3259.043,37.31
131.3,5,10,3262.774,37.31
131.4,5,10,3266.506,37.32
131.5,5,10,3270.237,37.31
131.6,5,10,3273.968,37.31
131.7,5,10,3277.7,37.32
131.8,5,10,3281.431,37.31
131.9,5,10,3285.163,37.32
132,5,10,3288.894,37.31
132.1,5,10,3292.626,37.32
132.2,5,10,3296.357,37.31
132.3,5,10,3300.089,37.32
132.4,5,10,3303.821,37.32
132.5,5,10,3307.552,37.31
132.6,5,10,3311.284,37.32
132.7,5,10,3315.016,37.32
132.8,5,10,3318.747,37.31
132.9,5,10,3322.479,37.32
133,5,10,3326.211,37.32
133.1,5,10,3329.942,37.31
133.2,5,10,3333.674,37.32
133.3,5,10,3337.406,37.32
133.4,5,10,3341.138,37.32
133.5,5,10,3344.87,37.32
133.6,5,10,3348.602,37.32
133.7,5,10,3352.333,37.31
133.8,5,10,3356.065,37.32
133.9,5,10,3359.797,37.32
134,5,10,3363.529,37.32
134.1,5,10,3367.261,37.32
134.2,5,10,3370.993,37.32
134.3,5,10,3374.725,37.32
134.4,5,10,3378.457,37.32
134.5,5,10,3382.189,37.32
134.6,5,10,3385.921,37.32
134.7,5,10,3389.654,37.33
134.8,5,10,3393.386,37.32
134.9,5,10,3397.118,37.32
135,5,10,3400.85,37.32
135.1,5,10,3404.582,37.32
135.2,5,10,3408.314,37.32
135.3,5,10,3412.047,37.33
135.4,5,10,3415.779,37.32
135.5,5,10,3419.511,37.32
135.6,5,10,3423.243,37.32
135.7,5,10,3426.976,37.33
135.8,5,10,3430.708,37.32
135.9,5,10,3434.44,37.32
136,5,10,3438.173,37.33
136.1,5,10,3441.905,37.32
136.2,5,10,3445.637,37.32
136.3,5,10,3449.37,37.33
136.4,5,10,3453.102,37.32
136.5,5,10,3456.835,37.33
136.6,5,10,3460.567,37.32
136.7,5,10,3464.299,37.32
136.8,5,10,3468.032,37.33
136.9,5,10,3471.764,37.32
137,5,10,3475.497,37.33
137.1,5,10,3479.229,37.32
137.2,5,10,3482.962,37.33
137.3,5,10,3486.695,37.33
137.4,5,10,3490.427,37.32
137.5,5,10,3494.16,37.33
137.6,5,10,3497.892,37.32
137.7,5,10,3501.625,37.33
137.8,5,10,3505.358,37.33
137.9,5,10,3509.09,37.32
138,5,10,3512.823,37.33
138.1,5,10,3516.556,37.33
138.2,5,10,3520.288,37.32
138.3,5,10,3524.021,37.33
138.4,5,10,3527.754,37.33
138.5,5,10,3531.487,37.33
138.6,5,10,3535.219,37.32
138.7,5,10,3538.952,37.33
138.8,5,10,3542.685,37.33
138.9,5,10,3546.418,37.33
139,5,10,3550.151,37.33
139.1,5,10,3553.884,37.33
139.2,5,10,3557.616,37.32
139.3,5,10,3561.349,37.33
139.4,5,10,3565.082,37.33
139.5,5,10,3568.815,37.33
139.6,5,10,3572.548,37.33
139.7,5,10,3576.281,37.33
139.8,5,10,3580.014,37.33
139.9,5,10,3583.747,37.33
140,5,10,3587.48,37.33
140.1,5,10,3591.213,37.33
140.2,5,10,3594.946,37.33
140.3,5,10,3598.679,37.33
140.4,5,10,3602.412,37.33
140.5,5,10,3606.145,37.33
140.6,5,10,3609.878,37.33
140.7,5,10,3613.611,37.33
140.8,5,10,3617.344,37.33
140.9,5,10,3621.077,37.33
141,5,10,3624.81,37.33
141.1,5,10,3628.543,37.33
141.2,5,10,3632.277,37.34
141.3,5,10,3636.01,37.33
141.4,5,10,3639.743,37.33
141.5,5,10,3643.476,37.33
141.6,5,10,3647.209,37.33
141.7,5,10,3650.942,37.33
141.8,5,10,3654.676,37.34
141.9,5,10,3658.409,37.33
142,5,10,3662.142,37.33
142.1,5,10,3665.875,37.33
142.2,5,10,3669.609,37.34
142.3,5,10,3673.342,37.33
142.4,5,10,3677.075,37.33
142.5,5,10,3680.808,37.33
142.6,5,10,3684.542,37.34
142.7,5,10,3688.275,37.33
142.8,5,10,3692.008,37.33
142.9,5,10,3695.742,37.34
143,5,10,3699.475,37.33
143.1,5,10,3703.208,37.33
143.2,5,10,3706.942,37.34
143.3,5,10,3710.675,37.33
143.4,5,10,3714.409,37.34
143.5,5,10,3718.142,37.33
143.6,5,10,3721.875,37.33
143.7,5,10,3725.609,37.34
143.8,5,10,3729.342,37.33
143.9,5,10,3733.076,37.34
144,5,10,3736.809,37.33
144.1,5,10,3740.543,37.34
144.2,5,10,3744.276,37.33
144.3,5,10,3748.01,37.34
144.4,5,10,3751.743,37.33
144.5,5,10,3755.477,37.34
144.6,5,10,3759.21,37.33
144.7,5,10,3762.944,37.34
144.8,5,10,3766.677,37.33
144.9,5,10,3770.411,37.34
145,5,10,3774.144,37.33
145.1,5,10,3777.878,37.34
145.2,5,10,3781.611,37.33
145.3,5,10,3785.345,37.34
145.4,5,10,3789.079,37.34
145.5,5,10,3792.812,37.33
145.6,5,10,3796.546,37.34
145.7,5,10,3800.279,37.33
145.8,5,10,3804.013,37.34
145.9,5,10,3807.747,37.34
146,5,10,3811.48,37.33
146.1,5,10,3815.214,37.34
146.2,5,10,3818.948,37.34
146.3,5,10,3822.681,37.33
146.4,5,10,3826.415,37.34
146.5,5,10,3830.149,37.34
146.6,5,10,3833.882,37.33
146.7,5,10,3837.616,37.34
146.8,5,10,3841.35,37.34
146.9,5,10,3845.084,37.34
147,5,10,3848.817,37.33
147.1,5,10,3852.551,37.34
147.2,5,10,3856.285,37.34
147.3,5,10,3860.019,37.34
147.4,5,10,3863.752,37.33
147.5,5,10,3867.486,37.34
147.6,5,10,3871.22,37.34
147.7,5,10,3874.954,37.34
147.8,5,10,3878.688,37.34
147.9,5,10,3882.421,37.33
148,5,10,3886.155,37.34
148.1,5,10,3889.889,37.34
148.2,5,10,3893.623,37.34
148.3,5,10,3897.357,37.34
148.4,5,10,3901.091,37.34
148.5,5,10,3904.824,37.33
148.6,5,10,3908.558,37.34
148.7,5,10,3912.292,37.34
148.8,5,10,3916.026,37.34
148.9,5,10,3919.76,37.34
149,5,10,3923.494,37.34
149.1,5,10,3927.228,37.34
149.2,5,10,3930.962,37.34
149.3,5,10,3934.696,37.34
149.4,5,10,3938.43,37.34
149.5,5,10,3942.163,37.33
149.6,5,10,3945.897,37.34
149.7,5,10,3949.631,37.34
149.8,5,10,3953.365,37.34
149.9,5,10,3957.099,37.34
150,5,10,3960.833,37.34
150.1,5,10,3964.567,37.34
150.2,5,10,3968.301,37.34
150.3,5,10,3972.035,37.34
150.4,5,10,3975.769,37.34
150.5,5,10,3979.503,37.34
150.6,5,10,3983.237,37.34
150.7,5,10,3986.971,37.34
150.8,5,10,3990.705,37.34
150.9,5,10,3994.439,37.34
151,5,10,3998.173,37.34
151.1,5,10,4001.907,37.34
151.2,5,10,4005.642,37.35
151.3,5,10,4009.376,37.34
151.4,5,10,4013.11,37.34
151.5,5,10,4016.844,37.34
151.6,5,10,4020.578,37.34
151.7,5,10,4024.312,37.34
151.8,5,10,4028.046,37.34
151.9,5,10,4031.78,37.34
152,5,10,4035.514,37.34
152.1,5,10,4039.248,37.34
152.2,5,10,4042.982,37.34
152.3,5,10,4046.717,37.35
152.4,5,10,4050.451,37.34
152.5,5,10,4054.185,37.34
152.6,5,10,4057.919,37.34
152.7,5,10,4061.653,37.34
152.8,5,10,4065.387,37.34
152.9,5,10,4069.121,37.34
153,5,10,4072.856,37.35
153.1,5,10,4076.59,37.34
153.2,5,10,4080.324,37.34
153.3,5,10,4084.058,37.34
153.4,5,10,4087.792,37.34
153.5,5,10,4091.526,37.34
153.6,5,10,4095.261,37.35
153.7,5,10,4098.995,37.34
153.8,5,10,4102.729,37.34
153.9,5,10,4106.463,37.34
154,5,10,4110.197,37.34
154.1,5,10,4113.932,37.35
154.2,5,10,4117.666,37.34
154.3,5,10,4121.4,37.34
154.4,5,10,4125.134,37.34
154.5,5,10,4128.869,37.35
154.6,5,10,4132.603,37.34
154.7,5,10,4136.337,37.34
154.8,5,10,4140.071,37.34
154.9,5,10,4143.806,37.35
155,5,10,4147.54,37.34
155.1,5,10,4151.274,37.34
155.2,5,10,4155.008,37.34
155.3,5,10,4158.743,37.35
155.4,5,10,4162.477,37.34
155.5,5,10,4166.211,37.34
155.6,5,10,4169.946,37.35
155.7,5,10,4173.68,37.34
155.8,5,10,4177.414,37.34
155.9,5,10,4181.149,37.35
156,5,10,4184.883,37.34
156.1,5,10,4188.617,37.34
156.2,5,10,4192.352,37.35
156.3,5,10,4196.086,37.34
156.4,5,10,4199.82,37.34
156.5,5,10,4203.555,37.35
156.6,5,10,4207.289,37.34
156.7,5,10,4211.023,37.34
156.8,5,10,4214.758,37.35
156.9,5,10,4218.492,37.34
157,5,10,4222.226,37.34
157.1,5,10,4225.961,37.35
157.2,5,10,4229.695,37.34
157.3,5,10,4233.429,37.34
157.4,5,10,4237.164,37.35
157.5,5,10,4240.898,37.34
157.6,5,10,4244.633,37.35
157.7,5,10,4248.367,37.34
157.8,5,10,4252.101,37.34
157.9,5,10,4255.836,37.35
158,5,10,4259.57,37.34
158.1,5,10,4263.305,37.35
158.2,5,10,4267.039,37.34
158.3,5,10,4270.773,37.34
158.4,5,10,4274.508,37.35
158.5,5,10,4278.242,37.34
158.6,5,10,4281.977,37.35
158.7,5,10,4285.711,37.34
158.8,5,10,4289.446,37.35
158.9,5,10,4293.18,37.34
159,5,10,4296.914,37.34
159.1,5,10,4300.649,37.35
159.2,5,10,4304.383,37.34
159.3,5,10,4308.118,37.35
159.4,5,10,4311.852,37.34
159.5,5,10,4315.587,37.35
159.6,5,10,4319.321,37.34
159.7,5,10,4323.056,37.35
159.8,5,10,4326.79,37.34
159.9,5,10,4330.525,37.35
160,5,10,4334.259,37.34
160.1,5,10,4337.994,37.35
160.2,5,10,4341.728,37.34
160.3,5,10,4345.462,37.34
160.4,5,10,4349.197,37.35
160.5,5,10,4352.931,37.34
160.6,5,10,4356.666,37.35
160.7,5,10,4360.4,37.34
160.8,5,10,4364.135,37.35
160.9,5,10,4367.869,37.34
161,5,10,4371.604,37.35
161.1,5,10,4375.339,37.35
161.2,5,10,4379.073,37.34
161.3,5,10,4382.808,37.35
161.4,5,10,4386.542,37.34
161.5,5,10,4390.277,37.35
161.6,5,10,4394.011,37.34
161.7,5,10,4397.746,37.35
161.8,5,10,4401.48,37.34
161.9,5,10,4405.215,37.35
162,5,10,4408.949,37.34
162.1,5,10,4412.684,37.35
162.2,5,10,4416.418,37.34
162.3,5,10,4420.153,37.35
162.4,5,10,4423.888,37.35
162.5,5,10,4427.622,37.34
162.6,5,10,4431.357,37.35
162.7,5,10,4435.091,37.34
162.8,5,10,4438.826,37.35
162.9,5,10,4442.56,37.34
163,5,10,4446.295,37.35
163.1,5,10,4450.03,37.35
163.2,5,10,4453.764,37.34
163.3,5,10,4457.499,37.35
163.4,5,10,4461.233,37.34
163.5,5,10,4464.968,37.35
163.6,5,10,4468.702,37.34
163.7,5,10,4472.437,37.35
163.8,5,10,4476.172,37.35
163.9,5,10,4479.906,37.34
164,5,10,4483.641,37.35
164.1,5,10,4487.375,37.34
164.2,5,10,4491.11,37.35
164.3,5,10,4494.845,37.35
164.4,5,10,4498.579,37.34
164.5,5,10,4502.314,37.35
164.6,5,10,4506.049,37.35
164.7,5,10,4509.783,37.34
164.8,5,10,4513.518,37.35
164.9,5,10,4517.252,37.34
165,5,10,4520.987,37.35
165.1,5,10,4524.722,37.35
165.2,5,10,4528.456,37.34
165.3,5,10,4532.191,37.35
165.4,5,10,4535.926,37.35
165.5,5,10,4539.66,37.34
165.6,5,10,4543.395,37.35
165.7,5,10,4547.13,37.35
165.8,5,10,4550.864,37.34
165.9,5,10,4554.599,37.35
166,5,10,4558.333,37.34
166.1,5,10,4562.068,37.35
166.2,5,10,4565.803,37.35
166.3,5,10,4569.537,37.34
166.4,5,10,4573.272,37.35
166.5,5,10,4577.007,37.35
166.6,5,10,4580.741,37.34
166.7,5,10,4584.476,37.35
166.8,5,10,4588.211,37.35
166.9,5,10,4591.945,37.34
167,5,10,4595.68,37.35
167.1,5,10,4599.415,37.35
167.2,5,10,4603.149,37.34
167.3,5,10,4606.884,37.35
167.4,5,10,4610.619,37.35
167.5,5,10,4614.354,37.35
167.6,5,10,4618.088,37.34
167.7,5,10,4621.823,37.35
167.8,5,10,4625.558,37.35
167.9,5,10,4629.292,37.34
168,5,10,4633.027,37.35
168.1,5,10,4636.762,37.35
168.2,5,10,4640.496,37.34
168.3,5,10,4644.231,37.35
168.4,5,10,4647.966,37.35
168.5,5,10,4651.701,37.35
168.6,5,10,4655.435,37.34
168.7,5,10,4659.17,37.35
168.8,5,10,4662.905,37.35
168.9,5,10,4666.639,37.34
169,5,10,4670.374,37.35
169.1,5,10,4674.109,37.35
169.2,5,10,4677.844,37.35
169.3,5,10,4681.578,37.34
169.4,5,10,4685.313,37.35
169.5,5,10,4689.048,37.35
169.6,5,10,4692.782,37.34
169.7,5,10,4696.517,37.35
169.8,5,10,4700.252,37.35
169.9,5,10,4703.987,37.35
170,5,10,4707.721,37.34
170.1,5,10,4711.456,37.35
170.2,5,10,4715.191,37.35
170.3,5,10,4718.926,37.35
170.4,5,10,4722.66,37.34
170.5,5,10,4726.395,37.35
170.6,5,10,4730.13,37.35
170.7,5,10,4733.865,37.35
170.8,5,10,4737.599,37.34
170.9,5,10,4741.334,37.35
171,5,10,4745.069,37.35
171.1,5,10,4748.804,37.35
171.2,5,10,4752.538,37.34
171.3,5,10,4756.273,37.35
171.4,5,10,4760.008,37.35
171.5,5,10,4763.743,37.35
171.6,5,10,4767.477,37.34
171.7,5,10,4771.212,37.35
171.8,5,10,4774.947,37.35
171.9,5,10,4778.682,37.35
172,5,10,4782.416,37.34
172.1,5,10,4786.151,37.35
172.2,5,10,4789.886,37.35
172.3,5,10,4793.621,37.35
172.4,5,10,4797.356,37.35
172.5,5,10,4801.09,37.34
172.6,5,10,4804.825,37.35
172.7,5,10,4808.56,37.35
172.8,5,10,4812.295,37.35
172.9,5,10,4816.029,37.34
173,5,10,4819.764,37.35
173.1,5,10,4823.499,37.35
173.2,5,10,4827.234,37.35
173.3,5,10,4830.969,37.35
173.4,5,10,4834.703,37.34
173.5,5,10,4838.438,37.35
173.6,5,10,4842.173,37.35
173.7,5,10,4845.908,37.35
173.8,5,10,4849.643,37.35
173.9,5,10,4853.377,37.34
174,5,10,4857.112,37.35
174.1,5,10,4860.847,37.35
174.2,5,10,4864.582,37.35
174.3,5,10,4868.317,37.35
174.4,5,10,4872.051,37.34
174.5,5,10,4875.786,37.35
174.6,5,10,4879.521,37.35
174.7,5,10,4883.256,37.35
174.8,5,10,4886.991,37.35
174.9,5,10,4890.725,37.34
175,5,10,4894.46,37.35
175.1,5,10,4898.195,37.35
175.2,5,10,4901.93,37.35
175.3,5,10,4905.665,37.35
175.4,5,10,4909.399,37.34
175.5,5,10,4913.134,37.35
175.6,5,10,4916.869,37.35
175.7,5,10,4920.604,37.35
175.8,5,10,4924.339,37.35
175.9,5,10,4928.074,37.35
176,5,10,4931.808,37.34
176.1,5,10,4935.543,37.35
176.2,5,10,4939.278,37.35
176.3,5,10,4943.013,37.35
176.4,5,10,4946.748,37.35
176.5,5,10,4950.483,37.35
176.6,5,10,4954.217,37.34
176.7,5,10,4957.952,37.35
176.8,5,10,4961.687,37.35
176.9,5,10,4965.422,37.35
177,5,10,4969.157,37.35
177.1,5,10,4972.892,37.35
177.2,5,10,4976.626,37.34
177.3,5,10,4980.361,37.35
177.4,5,10,4984.096,37.35
177.5,5,10,4987.831,37.35
177.6,5,10,4991.566,37.35
177.7,5,10,4995.301,37.35
177.8,5,10,4999.035,37.34
177.9,5,10,5002.77,37.35
178,5,10,5006.505,37.35
178.1,5,10,5010.24,37.35
178.2,5,10,5013.975,37.35
178.3,5,10,5017.71,37.35
178.4,5,10,5021.445,37.35
178.5,5,10,5025.179,37.34
178.6,5,10,5028.914,37.35
178.7,5,10,5032.649,37.35
178.8,5,10,5036.384,37.35
178.9,5,10,5040.119,37.35
179,5,10,5043.854,37.35
179.1,5,10,5047.589,37.35
179.2,5,10,5051.323,37.34
179.3,5,10,5055.058,37.35
179.4,5,10,5058.793,37.35
179.5,5,10,5062.528,37.35
179.6,5,10,5066.263,37.35
179.7,5,10,5069.998,37.35
179.8,5,10,5073.733,37.35
179.9,5,10,5077.467,37.34
180,5,10,5081.202,37.35
180.1,5,10,5084.937,37.35
180.2,5,10,5088.672,37.35
180.3,5,10,5092.407,37.35
180.4,5,10,5096.142,37.35
180.5,5,10,5099.877,37.35
180.6,5,10,5103.611,37.34
180.7,5,10,5107.346,37.35
180.8,5,10,5111.081,37.35
180.9,5,10,5114.816,37.35
181,5,10,5118.551,37.35
181.1,5,10,5122.286,37.35
181.2,5,10,5126.021,37.35
181.3,5,10,5129.756,37.35
181.4,5,10,5133.49,37.34
181.5,5,10,5137.225,37.35
181.6,5,10,5140.96,37.35
181.7,5,10,5144.695,37.35
181.8,5,10,5148.43,37.35
181.9,5,10,5152.165,37.35
182,5,10,5155.9,37.35
182.1,5,10,5159.635,37.35
182.2,5,10,5163.37,37.35
182.3,5,10,5167.104,37.34
182.4,5,10,5170.839,37.35
182.5,5,10,5174.574,37.35
182.6,5,10,5178.309,37.35
182.7,5,10,5182.044,37.35
182.8,5,10,5185.779,37.35
182.9,5,10,5189.514,37.35
183,5,10,5193.249,37.35
183.1,5,10,5196.984,37.35
183.2,5,10,5200.718,37.34
183.3,5,10,5204.453,37.35
183.4,5,10,5208.188,37.35
183.5,5,10,5211.923,37.35
183.6,5,10,5215.658,37.35
183.7,5,10,5219.393,37.35
183.8,5,10,5223.128,37.35
183.9,5,10,5226.863,37.35
184,5,10,5230.598,37.35
184.1,5,10,5234.332,37.34
184.2,5,10,5238.067,37.35
184.3,5,10,5241.802,37.35
184.4,5,10,5245.537,37.35
184.5,5,10,5249.272,37.35
184.6,5,10,5253.007,37.35
184.7,5,10,5256.742,37.35
184.8,5,10,5260.477,37.35
184.9,5,10,5264.212,37.35
185,5,10,5267.947,37.35
185.1,5,10,5271.682,37.35
185.2,5,10,5275.416,37.34
185.3,5,10,5279.151,37.35
185.4,5,10,5282.886,37.35
185.5,5,10,5286.621,37.35
185.6,5,10,5290.356,37.35
185.7,5,10,5294.091,37.35
185.8,5,10,5297.826,37.35
185.9,5,10,5301.561,37.35
186,5,10,5305.296,37.35
186.1,5,10,5309.031,37.35
186.2,5,10,5312.766,37.35
186.3,5,10,5316.5,37.34
186.4,5,10,5320.235,37.35
186.5,5,10,5323.97,37.35
186.6,5,10,5327.705,37.35
186.7,5,10,5331.44,37.35
186.8,5,10,5335.175,37.35
186.9,5,10,5338.91,37.35
187,5,10,5342.645,37.35
187.1,5,10,5346.38,37.35
187.2,5,10,5350.115,37.35
187.3,5,10,5353.85,37.35
187.4,5,10,5357.585,37.35
187.5,5,10,5361.319,37.34
187.6,5,10,5365.054,37.35
187.7,5,10,5368.789,37.35
187.8,5,10,5372.524,37.35
187.9,5,10,5376.259,37.35
188,5,10,5379.994,37.35
188.1,5,10,5383.729,37.35
188.2,5,10,5387.464,37.35
188.3,5,10,5391.199,37.35
188.4,5,10,5394.934,37.35
188.5,5,10,5398.669,37.35
188.6,5,10,5402.404,37.35
188.7,5,10,5406.139,37.35
188.8,5,10,5409.873,37.34
188.9,5,10,5413.608,37.35
189,5,10,5417.343,37.35
189.1,5,10,5421.078,37.35
189.2,5,10,5424.813,37.35
189.3,5,10,5428.548,37.35
189.4,5,10,5432.283,37.35
189.5,5,10,5436.018,37.35
189.6,5,10,5439.753,37.35
189.7,5,10,5443.488,37.35
189.8,5,10,5447.223,37.35
189.9,5,10,5450.958,37.35
190,5,10,5454.693,37.35
190.1,5,10,5458.428,37.35
190.2,5,10,5462.162,37.34
190.3,5,10,5465.897,37.35
190.4,5,10,5469.632,37.35
190.5,5,10,5473.367,37.35
190.6,5,10,5477.102,37.35
190.7,5,10,5480.837,37.35
190.8,5,10,5484.572,37.35
190.9,5,10,5488.307,37.35
191,5,10,5492.042,37.35
191.1,5,10,5495.777,37.35
191.2,5,10,5499.512,37.35
191.3,5,10,5503.247,37.35
191.4,5,10,5506.982,37.35
191.5,5,10,5510.717,37.35
191.6,5,10,5514.452,37.35
191.7,5,10,5518.187,37.35
191.8,5,10,5521.921,37.34
191.9,5,10,5525.656,37.35
192,5,10,5529.391,37.35
192.1,5,10,5533.126,37.35
192.2,5,10,5536.861,37.35
192.3,5,10,5540.596,37.35
192.4,5,10,5544.331,37.35
192.5,5,10,5548.066,37.35
192.6,5,10,5551.801,37.35
192.7,5,10,5555.536,37.35
192.8,5,10,5559.271,37.35
192.9,5,10,5563.006,37.35
193,5,10,5566.741,37.35
193.1,5,10,5570.476,37.35
